Product Name,Link Image,Price,Rating,Product Desc, Merchant Name
hp nokia 105 2015 FM termurah tam jadul nokia single sim new - Hitam,data:image/png;base64,iVBORw0KGgoAAAANSUhEUgAAAHgAAAB4CAQAAACTbf5ZAAAAiklEQVR42u3PMQEAAAwCoNm/9Cr4Cw3IjYmwsLCwsLCwsLCwsLCwsLCwsLCwsLCwsLCwsLCwsLCwsLCwsLCwsLCwsLCwsLCwsLCwsLCwsLCwsLCwsLCwsLCwsLCwsLCwsLCwsLCwsLCwsLCwsLCwsLCwsLCwsLCwsLCwsLCwsLCwsLCwsLCwsHDrASUpAHnJhbktAAAAAElFTkSuQmCC,Rp118.000,5,hp nokia 105 2015 FM termurah tam jadul nokia single sim new - Hitam,Little Superman
Garansi dual card ponsel lipat Samsung GT-E1272 termurah - Hitam,data:image/png;base64,iVBORw0KGgoAAAANSUhEUgAAAHgAAAB4CAQAAACTbf5ZAAAAiklEQVR42u3PMQEAAAwCoNm/9Cr4Cw3IjYmwsLCwsLCwsLCwsLCwsLCwsLCwsLCwsLCwsLCwsLCwsLCwsLCwsLCwsLCwsLCwsLCwsLCwsLCwsLCwsLCwsLCwsLCwsLCwsLCwsLCwsLCwsLCwsLCwsLCwsLCwsLCwsLCwsLCwsLCwsLCwsLCwsHDrASUpAHnJhbktAAAAAElFTkSuQmCC,Rp153.800,5,Garansi dual card ponsel lipat Samsung GT-E1272 termurah - Hitam,Mike Net
OPPO A16 Smartphone 3GB/32GB (Garansi Resmi),data:image/png;base64,iVBORw0KGgoAAAANSUhEUgAAAHgAAAB4CAQAAACTbf5ZAAAAiklEQVR42u3PMQEAAAwCoNm/9Cr4Cw3IjYmwsLCwsLCwsLCwsLCwsLCwsLCwsLCwsLCwsLCwsLCwsLCwsLCwsLCwsLCwsLCwsLCwsLCwsLCwsLCwsLCwsLCwsLCwsLCwsLCwsLCwsLCwsLCwsLCwsLCwsLCwsLCwsLCwsLCwsLCwsLCwsLCwsHDrASUpAHnJhbktAAAAAElFTkSuQmCC,Rp1.829.000,5,OPPO A16 Smartphone 3GB/32GB (Garansi Resmi),Digitaltechnology
nokia 105 new 2019 garansi resmi,data:image/png;base64,iVBORw0KGgoAAAANSUhEUgAAAHgAAAB4CAQAAACTbf5ZAAAAiklEQVR42u3PMQEAAAwCoNm/9Cr4Cw3IjYmwsLCwsLCwsLCwsLCwsLCwsLCwsLCwsLCwsLCwsLCwsLCwsLCwsLCwsLCwsLCwsLCwsLCwsLCwsLCwsLCwsLCwsLCwsLCwsLCwsLCwsLCwsLCwsLCwsLCwsLCwsLCwsLCwsLCwsLCwsLCwsLCwsHDrASUpAHnJhbktAAAAAElFTkSuQmCC,Rp239.000,5,nokia 105 new 2019 garansi resmi,hapehapeku21
hp samsung gt s5611 termurah original camera dual sim - Hitam,data:image/png;base64,iVBORw0KGgoAAAANSUhEUgAAAHgAAAB4CAQAAACTbf5ZAAAAiklEQVR42u3PMQEAAAwCoNm/9Cr4Cw3IjYmwsLCwsLCwsLCwsLCwsLCwsLCwsLCwsLCwsLCwsLCwsLCwsLCwsLCwsLCwsLCwsLCwsLCwsLCwsLCwsLCwsLCwsLCwsLCwsLCwsLCwsLCwsLCwsLCwsLCwsLCwsLCwsLCwsLCwsLCwsLCwsLCwsHDrASUpAHnJhbktAAAAAElFTkSuQmCC,Rp295.000,5,hp samsung gt s5611 termurah original camera dual sim - Hitam,Little Master.shop
Xiaomi Redmi Note 10s 8/128 GB Garasni Resmi,data:image/png;base64,iVBORw0KGgoAAAANSUhEUgAAAHgAAAB4CAQAAACTbf5ZAAAAiklEQVR42u3PMQEAAAwCoNm/9Cr4Cw3IjYmwsLCwsLCwsLCwsLCwsLCwsLCwsLCwsLCwsLCwsLCwsLCwsLCwsLCwsLCwsLCwsLCwsLCwsLCwsLCwsLCwsLCwsLCwsLCwsLCwsLCwsLCwsLCwsLCwsLCwsLCwsLCwsLCwsLCwsLCwsLCwsLCwsHDrASUpAHnJhbktAAAAAElFTkSuQmCC,Rp2.940.000,5,Xiaomi Redmi Note 10s 8/128 GB Garasni Resmi,Gudang-HP
Iphone 11 128GB Garansi Resmi TAM / Ibox,data:image/png;base64,iVBORw0KGgoAAAANSUhEUgAAAHgAAAB4CAQAAACTbf5ZAAAAiklEQVR42u3PMQEAAAwCoNm/9Cr4Cw3IjYmwsLCwsLCwsLCwsLCwsLCwsLCwsLCwsLCwsLCwsLCwsLCwsLCwsLCwsLCwsLCwsLCwsLCwsLCwsLCwsLCwsLCwsLCwsLCwsLCwsLCwsLCwsLCwsLCwsLCwsLCwsLCwsLCwsLCwsLCwsLCwsLCwsHDrASUpAHnJhbktAAAAAElFTkSuQmCC,Rp9.949.000,5,Iphone 11 128GB Garansi Resmi TAM / Ibox,PT Pratama Sntra Semesta
Xiaomi Redmi Note 10 Pro 8/128 GB Garansi Resmi,data:image/png;base64,iVBORw0KGgoAAAANSUhEUgAAAHgAAAB4CAQAAACTbf5ZAAAAiklEQVR42u3PMQEAAAwCoNm/9Cr4Cw3IjYmwsLCwsLCwsLCwsLCwsLCwsLCwsLCwsLCwsLCwsLCwsLCwsLCwsLCwsLCwsLCwsLCwsLCwsLCwsLCwsLCwsLCwsLCwsLCwsLCwsLCwsLCwsLCwsLCwsLCwsLCwsLCwsLCwsLCwsLCwsLCwsLCwsHDrASUpAHnJhbktAAAAAElFTkSuQmCC,Rp3.726.000,5,Xiaomi Redmi Note 10 Pro 8/128 GB Garansi Resmi,Gudang-HP
Xiaomi Poco M3 Pro 5G 6/128 GB Garansi Resmi,data:image/png;base64,iVBORw0KGgoAAAANSUhEUgAAAHgAAAB4CAQAAACTbf5ZAAAAiklEQVR42u3PMQEAAAwCoNm/9Cr4Cw3IjYmwsLCwsLCwsLCwsLCwsLCwsLCwsLCwsLCwsLCwsLCwsLCwsLCwsLCwsLCwsLCwsLCwsLCwsLCwsLCwsLCwsLCwsLCwsLCwsLCwsLCwsLCwsLCwsLCwsLCwsLCwsLCwsLCwsLCwsLCwsLCwsLCwsHDrASUpAHnJhbktAAAAAElFTkSuQmCC,Rp2.855.000,5,Xiaomi Poco M3 Pro 5G 6/128 GB Garansi Resmi,Gudang-HP
SAMSUNG GALAXY M32 - NFC - 5000mAh - 6GB 128GB 6/128 - Garansi Resmi,data:image/png;base64,iVBORw0KGgoAAAANSUhEUgAAAHgAAAB4CAQAAACTbf5ZAAAAiklEQVR42u3PMQEAAAwCoNm/9Cr4Cw3IjYmwsLCwsLCwsLCwsLCwsLCwsLCwsLCwsLCwsLCwsLCwsLCwsLCwsLCwsLCwsLCwsLCwsLCwsLCwsLCwsLCwsLCwsLCwsLCwsLCwsLCwsLCwsLCwsLCwsLCwsLCwsLCwsLCwsLCwsLCwsLCwsLCwsHDrASUpAHnJhbktAAAAAElFTkSuQmCC,Rp2.779.900,5,SAMSUNG GALAXY M32 - NFC - 5000mAh - 6GB 128GB 6/128 - Garansi Resmi,Shopyz ID
